{"type": "metrics", "dataset": "train", "precision": 0.9775312855517634, "balanced_accuracy": 0.8612696391239649, "recall": 0.7274074074074074, "f1_score": 0.8341220725640093}
{"type": "metrics", "dataset": "test", "precision": 0.6601195559350982, "balanced_accuracy": 0.6746455306666248, "recall": 0.4055613850996852, "f1_score": 0.5024374390640234}
{"type": "cm_matrix", "dataset": "train", "true_0": {"predicted_0": 16149, "predicted_1": 79}, "true_1": {"predicted_0": 1288, "predicted_1": 3437}}
{"type": "cm_matrix", "dataset": "test", "true_0": {"predicted_0": 6675, "predicted_1": 398}, "true_1": {"predicted_0": 1133, "predicted_1": 773}}
